max_tokens,response,is_correct,input_tokens,output_tokens,reasoning_tokens,total_tokens,latency
100,,False,33,100,100,133,4.08200478553772
100,,False,33,100,100,133,4.60705828666687
100,,False,33,100,100,133,4.296870470046997
100,,False,33,100,100,133,3.7590925693511963
100,,False,33,100,100,133,4.009463787078857
100,,False,33,100,100,133,4.79332160949707
100,,False,33,100,100,133,4.811772108078003
100,,False,33,100,100,133,3.958613395690918
100,,False,33,100,100,133,6.573392391204834
100,,False,33,100,100,133,4.141211032867432
200,,False,33,200,200,233,5.37201189994812
200,,False,33,200,200,233,5.723289728164673
200,,False,33,200,200,233,5.023861646652222
200,9.11,False,33,143,128,176,4.95977258682251
200,,False,33,200,200,233,8.483837127685547
200,,False,33,200,200,233,5.312133312225342
200,,False,33,200,200,233,5.887871742248535
200,,False,33,200,200,233,5.615816593170166
200,,False,33,200,200,233,5.15637469291687
200,,False,33,200,200,233,5.083881616592407
300,,False,33,300,300,333,6.403142929077148
300,,False,33,300,300,333,7.59900426864624
300,9.8,True,33,207,192,240,5.9178338050842285
300,,False,33,300,300,333,7.097309589385986
300,,False,33,300,300,333,5.166199684143066
300,,False,33,300,300,333,6.347339391708374
300,,False,33,300,300,333,6.368570566177368
300,,False,33,300,300,333,5.851130485534668
300,9.8,True,33,143,128,176,8.062856912612915
300,,False,33,300,300,333,5.7964794635772705
400,,False,33,400,400,433,8.607972860336304
400,9.8,True,33,271,256,304,5.65529727935791
400,9.11,False,33,335,320,368,11.369831323623657
400,,False,33,400,400,433,20.479117393493652
400,9.8,True,33,271,256,304,6.771469593048096
400,9.8,True,33,207,192,240,6.010995149612427
400,,False,33,400,400,433,7.946396827697754
400,9.11,False,33,271,256,304,10.498589992523193
400,,False,33,400,400,433,8.337640762329102
400,,False,33,400,400,433,11.575162410736084
500,,False,33,500,500,533,8.776284456253052
500,,False,33,500,500,533,8.730866193771362
500,9.11,False,33,271,256,304,10.779846906661987
500,,False,33,500,500,533,7.65776252746582
500,,False,33,500,500,533,22.2274489402771
500,,False,33,500,500,533,8.653903484344482
500,,False,33,500,500,533,10.207946300506592
500,,False,33,500,500,533,10.284732103347778
500,9.11,False,33,271,256,304,10.100138187408447
500,9.8,True,33,207,192,240,7.5689451694488525
600,9.11,False,33,527,512,560,10.852457523345947
600,9.11,False,33,79,64,112,4.361288547515869
600,9.8,True,33,271,256,304,6.767241477966309
600,9.8,True,33,271,256,304,5.775562047958374
600,,False,33,600,600,633,24.23741102218628
600,9.11,False,33,207,192,240,6.20151162147522
600,9.11,False,33,271,256,304,6.6350250244140625
600,9.8,True,33,399,384,432,9.026691436767578
600,,False,33,600,600,633,9.568853378295898
600,,False,33,600,600,633,8.781075716018677
700,9.8,True,33,399,384,432,8.126991271972656
700,9.8,True,33,700,690,733,11.746699094772339
700,9.8,True,33,335,320,368,6.010538101196289
700,9.11,False,33,527,512,560,15.278456687927246
700,9.11,False,33,143,128,176,4.960456132888794
700,9.11,False,33,335,320,368,6.429353713989258
700,9.8,True,33,655,640,688,9.747636556625366
700,,False,33,700,700,733,16.364710330963135
700,9.8,True,33,399,384,432,7.4092772006988525
700,9.8,True,33,399,384,432,20.885633945465088
800,9.8,True,33,463,448,496,7.551559209823608
800,9.8,True,33,271,256,304,7.592766284942627
800,,False,33,800,800,833,12.604138374328613
800,9.8,True,33,399,384,432,7.055465459823608
800,9.8,True,33,335,320,368,7.151664972305298
800,9.8,True,33,207,192,240,5.29433274269104
800,9.8,True,33,335,320,368,7.5250160694122314
800,"The number 9.8 is larger. To compare decimals, it's helpful to consider them with the same number of decimal places. So, 9.11 and 9.80 (since 9.8 is the same as 9.80). Comparing 9.11 and 9.80, 9.80 is greater because 80 is greater than 11 in the decimal parts.

**Answer:** 9.8",False,33,357,256,390,6.690351963043213
800,9.8,True,33,463,448,496,13.739673852920532
800,9.8,True,33,463,448,496,8.6111900806427
900,9.8,True,33,655,640,688,17.869239807128906
900,9.11,False,33,335,320,368,6.884856224060059
900,9.8,True,33,399,384,432,7.555694580078125
900,9.8,True,33,463,448,496,7.862628221511841
900,9.8,True,33,527,512,560,8.258190631866455
900,,False,33,900,900,933,16.28351354598999
900,9.8,True,33,271,256,304,5.975255966186523
900,,False,33,900,900,933,11.224735260009766
900,,False,33,900,900,933,21.173548936843872
900,9.8,True,33,399,384,432,7.0148766040802
1000,9.8,True,33,527,512,560,15.52680230140686
1000,9.8,True,33,335,320,368,8.113681077957153
1000,9.11,False,33,847,832,880,20.46081829071045
1000,9.11,False,33,911,896,944,21.217416524887085
1000,9.8,True,33,591,576,624,8.835205316543579
1000,9.8,True,33,911,896,944,20.778297901153564
1000,9.8,True,33,335,320,368,6.908012390136719
1000,9.8,True,33,463,448,496,14.964784383773804
1000,9.8,True,33,335,320,368,13.292203903198242
1000,9.8,True,33,399,384,432,12.560616731643677
1100,9.8,True,33,655,640,688,18.13978123664856
1100,9.11,False,33,271,256,304,7.291868686676025
1100,9.11,False,33,335,320,368,13.679948329925537
1100,9.8,True,33,847,832,880,12.575841903686523
1100,9.8,True,33,399,384,432,7.405769109725952
1100,9.8,True,33,207,192,240,5.476304054260254
1100,9.11,False,33,143,128,176,8.172667741775513
1100,9.8,True,33,399,384,432,6.969361782073975
1100,9.8,True,33,207,192,240,6.27088475227356
1100,9.8,True,33,527,512,560,16.29799246788025
1200,9.11,False,33,399,384,432,7.240180253982544
1200,9.8,True,33,207,192,240,8.99510383605957
1200,9.8,True,33,399,384,432,13.442902088165283
1200,9.11,False,33,463,448,496,9.606473445892334
1200,9.8,True,33,399,384,432,13.46371865272522
1200,9.8,True,33,527,512,560,15.709311246871948
1200,9.8,True,33,335,320,368,6.656656503677368
1200,9.8,True,33,271,256,304,11.731632471084595
1200,9.8,True,33,271,256,304,6.327271461486816
1200,9.8,True,33,719,704,752,16.780742406845093
1300,9.8,True,33,591,576,624,25.0966854095459
1300,9.8,True,33,591,576,624,24.20541763305664
1300,9.8,True,33,271,256,304,10.297685861587524
1300,9.8,True,33,527,512,560,9.109952688217163
1300,9.11,False,33,335,320,368,6.699028491973877
1300,9.8,True,33,207,192,240,8.826740503311157
1300,9.11,False,33,399,384,432,7.337431192398071
1300,9.8,True,33,463,448,496,8.4469895362854
1300,9.8,True,33,335,320,368,6.9765708446502686
1300,9.8,True,33,847,832,880,15.41961407661438
1400,9.11,False,33,463,448,496,7.565073251724243
1400,9.8,True,33,399,384,432,11.826228857040405
1400,9.8,True,33,655,640,688,9.852068662643433
1400,9.11,False,33,271,256,304,6.696619272232056
1400,9.8,True,33,399,384,432,10.427917242050171
1400,9.8,True,33,591,576,624,8.996695280075073
1400,9.11,False,33,527,512,560,8.846174478530884
1400,9.11,False,33,207,192,240,5.820369005203247
1400,9.11,False,33,207,192,240,5.464210510253906
1400,9.8,True,33,335,320,368,7.031022548675537
1500,9.8,True,33,399,384,432,7.3312153816223145
1500,9.8,True,33,463,448,496,8.242757320404053
1500,9.8,True,33,463,448,496,8.475946187973022
1500,9.11,False,33,143,128,176,4.706370830535889
1500,9.11,False,33,143,128,176,4.470265865325928
1500,9.8,True,33,463,448,496,14.158496379852295
1500,9.11,False,33,143,128,176,5.077163219451904
1500,9.8,True,33,143,128,176,5.245217323303223
1500,9.8,True,33,655,640,688,12.1273934841156
1500,9.8,True,33,463,448,496,11.558542728424072
1600,9.8,True,33,655,640,688,10.014477968215942
1600,9.8,True,33,207,192,240,5.422684907913208
1600,9.8,True,33,527,512,560,11.86253046989441
1600,9.11,False,33,463,448,496,8.30955171585083
1600,9.8,True,33,463,448,496,8.177405595779419
1600,9.8,True,33,1423,1408,1456,17.948383331298828
1600,9.8,True,33,527,512,560,11.650735855102539
1600,9.8,True,33,527,512,560,12.178184270858765
1600,9.8,True,33,207,192,240,5.416637420654297
1600,9.8,True,33,271,256,304,8.937836647033691
1700,9.8,True,33,783,768,816,10.61916708946228
1700,9.8,True,33,655,640,688,13.221792936325073
1700,9.8,True,33,271,256,304,7.1702470779418945
1700,"To determine which number is larger between **9.11** and **9.8**, let's compare them:

- **9.11** is equal to **9.11**
- **9.8** can be thought of as **9.80** for comparison purposes.

Comparing the two:

- **9.80** (which is **9.8**) is greater than **9.11**

**Answer:** 9.8",False,33,358,256,391,8.897982120513916
1700,9.8,True,33,719,704,752,16.56917691230774
1700,9.11,False,33,335,320,368,10.477318048477173
1700,9.11,False,33,335,320,368,8.422027587890625
1700,9.8,True,33,335,320,368,7.040330410003662
1700,9.8,True,33,207,192,240,7.209381103515625
1700,9.8,True,33,719,704,752,20.67781114578247
1800,9.8,True,33,783,768,816,10.745449781417847
1800,9.8,True,33,335,320,368,6.866306304931641
1800,9.8,True,33,463,448,496,10.376386165618896
1800,9.8,True,33,655,640,688,12.579012393951416
1800,9.8,True,33,719,704,752,15.655589580535889
1800,9.8,True,33,207,192,240,5.412113666534424
1800,9.8,True,33,271,256,304,7.87889838218689
1800,9.11,False,33,271,256,304,8.088254690170288
1800,9.8,True,33,143,128,176,6.052467107772827
1800,9.8,True,33,207,192,240,8.891162872314453
1900,9.8,True,33,655,640,688,15.24658465385437
1900,9.8,True,33,655,640,688,9.67139983177185
1900,9.8,True,33,591,576,624,9.233111381530762
1900,9.8,True,33,335,320,368,9.079049348831177
1900,9.8,True,33,527,512,560,15.078596115112305
1900,9.11,False,33,207,192,240,5.671673774719238
1900,9.11,False,33,399,384,432,7.306608200073242
1900,9.11,False,33,975,960,1008,15.794637441635132
1900,9.8,True,33,335,320,368,7.4732825756073
1900,9.11,False,33,335,320,368,8.645846128463745
2000,9.8,True,33,207,192,240,6.704940557479858
2000,9.11,False,33,143,128,176,5.052566766738892
2000,9.8,True,33,783,768,816,17.355244398117065
2000,9.8,True,33,335,320,368,10.667407751083374
2000,9.8,True,33,783,768,816,16.669994831085205
2000,9.8,True,33,719,704,752,9.84042477607727
2000,9.11,False,33,207,192,240,5.463552474975586
2000,9.8,True,33,463,448,496,7.610400438308716
2000,9.8,True,33,335,320,368,7.357856035232544
2000,9.8,True,33,847,832,880,10.406487464904785
2100,9.8,True,33,399,384,432,9.6000816822052
2100,9.8,True,33,335,320,368,6.500672101974487
2100,9.8,True,33,399,384,432,8.88175082206726
2100,9.8,True,33,335,320,368,7.60589599609375
2100,9.11,False,33,207,192,240,5.756149530410767
2100,9.8,True,33,463,448,496,14.128986358642578
2100,9.8,True,33,527,512,560,8.765206813812256
2100,9.11,False,33,207,192,240,5.955589294433594
2100,9.8,True,33,719,704,752,9.637246131896973
2100,9.8,True,33,335,320,368,8.398096084594727
2200,9.8,True,33,591,576,624,12.865842580795288
2200,9.8,True,33,527,512,560,9.50876522064209
2200,9.8,True,33,335,320,368,7.6329262256622314
2200,9.8,True,33,655,640,688,9.867609977722168
2200,9.8,True,33,399,384,432,8.963228464126587
2200,9.8,True,33,463,448,496,8.646987199783325
2200,9.11,False,33,463,448,496,7.69646692276001
2200,9.8,True,33,591,576,624,9.532238245010376
2200,9.8,True,33,271,256,304,6.171896696090698
2200,9.11,False,33,143,128,176,5.935084342956543
2300,9.8,True,33,207,192,240,10.780435562133789
2300,9.8,True,33,271,256,304,12.000422954559326
2300,9.8,True,33,527,512,560,8.894445657730103
2300,9.8,True,33,271,256,304,7.166860103607178
2300,9.11,False,33,207,192,240,5.3020594120025635
2300,9.11,False,33,271,256,304,11.899947166442871
2300,9.11,False,33,335,320,368,8.388185501098633
2300,9.8,True,33,271,256,304,6.71968412399292
2300,9.8,True,33,911,896,944,20.27073574066162
2300,9.8,True,33,271,256,304,8.462052822113037
2400,9.11,False,33,15,0,48,3.7504971027374268
2400,9.8,True,33,207,192,240,6.269320487976074
2400,9.8,True,33,463,448,496,7.6760923862457275
2400,9.8,True,33,271,256,304,7.3885931968688965
2400,9.8,True,33,335,320,368,7.630244731903076
2400,9.8,True,33,911,896,944,21.224028825759888
2400,9.8,True,33,719,704,752,11.09062147140503
2400,9.8,True,33,271,256,304,7.360388517379761
2400,9.11,False,33,335,320,368,8.295036554336548
2400,9.8,True,33,463,448,496,7.021637439727783
2500,9.11,False,33,463,448,496,9.15190577507019
2500,9.11,False,33,207,192,240,6.165928602218628
2500,9.11,False,33,143,128,176,5.7473464012146
2500,9.8,True,33,143,128,176,8.903549194335938
2500,9.8,True,33,1039,1024,1072,21.733449935913086
2500,9.8,True,33,1103,1088,1136,14.77431869506836
2500,9.8,True,33,207,192,240,12.704270362854004
2500,9.11,False,33,207,192,240,6.320156812667847
2500,9.8,True,33,399,384,432,8.113950490951538
2500,9.11,False,33,207,192,240,6.557564973831177
2600,9.8,True,33,207,192,240,6.552820205688477
2600,9.11,False,33,207,192,240,6.178050994873047
2600,9.8,True,33,335,320,368,12.611503839492798
2600,9.11,False,33,207,192,240,6.333686828613281
2600,9.11,False,33,207,192,240,6.5586097240448
2600,"Between the numbers 9.11 and 9.8, the number **9.8** is larger.

Here's why:

1. **Understanding the Numbers in Decimal Form:**
   - **9.11** means \( 9 + 0.11 \).
   - **9.8** means \( 9 + 0.8 \).

2. **Comparing the Decimal Parts:**
   - \( 0.11 \) (which is 11 hundredths) is less than \( 0.8 \) (which is 80 hundredths).
   - To see this clearly, you can write \( 0.11 \) and \( 0.8 \) with the same number of decimal places:
     - \( 0.11 = 0.11 \).
     - \( 0.8 = 0.80 \).
   - Now it's clear that \( 0.11 < 0.80 \).

3. **Comparing the Whole Numbers:**
   - Both numbers have the same whole number part \( 9 \).

4. **Conclusion:**
   - Since the whole numbers are equal but the decimal part of \( 9.8 \) is larger than that of \( 9.11 \), we conclude that \( 9.8 \) is the larger number.

**Answer:** 9.8",False,33,1510,1216,1543,22.935284852981567
2600,9.8,True,33,719,704,752,12.17221975326538
2600,9.8,True,33,271,256,304,6.0054590702056885
2600,9.8,True,33,271,256,304,6.768143177032471
2600,9.8,True,33,335,320,368,10.346629858016968
2700,9.8,True,33,399,384,432,8.45233678817749
2700,9.8,True,33,783,768,816,13.993650197982788
2700,9.8,True,33,207,192,240,9.59887433052063
2700,9.8,True,33,783,768,816,10.925476789474487
2700,9.8,True,33,207,192,240,6.463726043701172
2700,9.8,True,33,335,320,368,6.695363521575928
2700,9.8,True,33,463,448,496,12.390283107757568
2700,9.8,True,33,591,576,624,10.026960611343384
2700,9.8,True,33,527,512,560,8.7469003200531
2700,9.8,True,33,783,768,816,13.657719135284424
2800,9.11,False,33,783,768,816,12.245223760604858
2800,9.8,True,33,783,768,816,21.598177671432495
2800,9.8,True,33,527,512,560,9.317885160446167
2800,9.8,True,33,527,512,560,15.5007905960083
2800,9.8,True,33,719,704,752,10.859505653381348
2800,9.11,False,33,271,256,304,6.958491802215576
2800,9.8,True,33,399,384,432,8.473663568496704
2800,9.8,True,33,783,768,816,21.111348152160645
2800,9.8,True,33,719,704,752,20.088883638381958
2800,9.8,True,33,399,384,432,6.508246183395386
2900,9.8,True,33,527,512,560,11.259926080703735
2900,9.8,True,33,399,384,432,8.152059316635132
2900,9.8,True,33,527,512,560,14.724708557128906
2900,9.8,True,33,591,576,624,10.722532749176025
2900,9.8,True,33,271,256,304,5.84075403213501
2900,9.11,False,33,335,320,368,7.329529523849487
2900,9.8,True,33,335,320,368,7.599567174911499
2900,9.8,True,33,591,576,624,9.219609022140503
2900,9.8,True,33,719,704,752,10.780049800872803
2900,9.8,True,33,335,320,368,7.023449182510376
3000,9.8,True,33,527,512,560,23.217342853546143
3000,9.8,True,33,399,384,432,12.972269773483276
3000,9.8,True,33,399,384,432,8.535330772399902
3000,9.8,True,33,335,320,368,7.130954265594482
3000,9.8,True,33,207,192,240,6.366504669189453
3000,9.8,True,33,335,320,368,6.301318407058716
3000,9.8,True,33,463,448,496,8.74806523323059
3000,9.8,True,33,271,256,304,10.985321760177612
3000,9.8,True,33,527,512,560,10.051673173904419
3000,9.11,False,33,463,448,496,9.434946298599243
3100,9.8,True,33,463,448,496,8.164710521697998
3100,9.8,True,33,207,192,240,7.170816659927368
3100,9.11,False,33,271,256,304,7.201275587081909
3100,9.8,True,33,527,512,560,8.077675342559814
3100,9.8,True,33,463,448,496,8.421165466308594
3100,9.11,False,33,399,384,432,12.603986024856567
3100,9.11,False,33,399,384,432,7.903161525726318
3100,9.8 is larger than 9.11.,False,33,670,640,703,12.008493423461914
3100,9.8,True,33,719,704,752,10.441805362701416
3100,9.8,True,33,335,320,368,19.010107278823853
3200,9.8,True,33,591,576,624,15.592976808547974
3200,9.8,True,33,1039,1024,1072,12.69675612449646
3200,9.8,True,33,399,384,432,7.7358479499816895
3200,9.8,True,33,463,448,496,7.4594409465789795
3200,9.8,True,33,271,256,304,5.629265785217285
3200,9.8,True,33,463,448,496,8.060347557067871
3200,9.11,False,33,79,64,112,7.02348780632019
3200,9.8,True,33,655,640,688,11.378746509552002
3200,9.8,True,33,655,640,688,16.845703840255737
3200,9.11,False,33,783,768,816,12.654876470565796
3300,9.11,False,33,207,192,240,6.133462429046631
3300,9.8,True,33,335,320,368,6.524073362350464
3300,9.11,False,33,207,192,240,6.765975713729858
3300,9.8,True,33,207,192,240,5.492873191833496
3300,9.11,False,33,207,192,240,5.6740312576293945
3300,9.11,False,33,399,384,432,12.962879180908203
3300,9.8,True,33,271,256,304,6.818337678909302
3300,9.11,False,33,143,128,176,4.955718994140625
3300,9.8,True,33,463,448,496,10.301598072052002
3300,9.8,True,33,463,448,496,7.73346471786499
3400,9.8,True,33,271,256,304,9.650896310806274
3400,9.8,True,33,591,576,624,8.82567811012268
3400,9.8,True,33,335,320,368,6.814849853515625
3400,9.11,False,33,207,192,240,6.651652812957764
3400,9.8,True,33,271,256,304,6.107270240783691
3400,9.8,True,33,463,448,496,8.541454315185547
3400,9.8,True,33,527,512,560,9.040138244628906
3400,9.11,False,33,207,192,240,6.496358156204224
3400,9.11,False,33,271,256,304,5.5510077476501465
3400,9.8,True,33,847,832,880,18.829185485839844
3500,9.8,True,33,463,448,496,10.118458986282349
3500,9.8,True,33,399,384,432,8.806493997573853
3500,9.8,True,33,335,320,368,10.236324310302734
3500,9.8,True,33,911,896,944,19.704614877700806
3500,9.8,True,33,207,192,240,6.302584409713745
3500,9.8,True,33,271,256,304,6.437961101531982
3500,9.8,True,33,1295,1280,1328,15.24786925315857
3500,9.8,True,33,208,192,241,10.205097675323486
3500,9.8,True,33,463,448,496,22.029178142547607
3500,9.11,False,33,271,256,304,6.375970125198364
3600,9.8,True,33,463,448,496,13.890852928161621
3600,9.8,True,33,335,320,368,10.807718753814697
3600,9.8,True,33,463,448,496,8.194854497909546
3600,9.11,False,33,207,192,240,5.6206769943237305
3600,9.11,False,33,79,64,112,5.556217908859253
3600,9.8,True,33,527,512,560,14.583358526229858
3600,9.11,False,33,143,128,176,8.41314435005188
3600,9.11,False,33,463,448,496,8.3201265335083
3600,9.8,True,33,847,832,880,12.274168491363525
3600,9.8,True,33,719,704,752,10.545439958572388
3700,9.8,True,33,335,320,368,18.974428176879883
3700,9.8,True,33,463,448,496,13.556029319763184
3700,9.8,True,33,463,448,496,6.867316722869873
3700,9.8,True,33,335,320,368,8.85549521446228
3700,9.8,True,33,271,256,304,6.387908458709717
3700,9.8,True,33,463,448,496,7.652137756347656
3700,9.8,True,33,463,448,496,22.217166900634766
3700,9.8,True,33,335,320,368,11.275611400604248
3700,9.11,False,33,463,448,496,21.935731410980225
3700,9.8,True,33,207,192,240,5.525742769241333
3800,9.8,True,33,655,640,688,9.520607471466064
3800,9.8,True,33,527,512,560,8.826020002365112
3800,9.11,False,33,207,192,240,5.27855110168457
3800,9.8,True,33,335,320,368,7.201957941055298
3800,9.8,True,33,719,704,752,10.575486183166504
3800,9.8,True,33,271,256,304,6.235259771347046
3800,9.8,True,33,463,448,496,8.158058881759644
3800,9.8,True,33,399,384,432,12.212957859039307
3800,9.8,True,33,463,448,496,14.033225059509277
3800,9.8,True,33,399,384,432,7.479165077209473
3900,9.11,False,33,207,192,240,9.825212955474854
3900,9.8,True,33,783,768,816,15.653120279312134
3900,9.8,True,33,527,512,560,14.103354930877686
3900,9.8,True,33,591,576,624,11.154789686203003
3900,9.8,True,33,591,576,624,9.000978469848633
3900,9.11,False,33,207,192,240,4.918552875518799
3900,9.8,True,33,207,192,240,9.125731706619263
3900,9.11,False,33,143,128,176,4.957239389419556
3900,9.8,True,33,207,192,240,9.203287363052368
3900,9.8,True,33,399,384,432,11.929926872253418
4000,9.8,True,33,719,704,752,10.24867582321167
4000,9.11,False,33,271,256,304,10.652429103851318
4000,9.8,True,33,207,192,240,5.19840669631958
4000,9.8,True,33,271,256,304,5.676652431488037
4000,9.8,True,33,207,192,240,5.924161434173584
4000,9.8,True,33,399,384,432,7.508981943130493
4000,9.8,True,33,79,64,112,4.2593793869018555
4000,9.8,True,33,271,256,304,6.18151330947876
4000,9.8,True,33,463,448,496,8.006782293319702
4000,9.8,True,33,207,192,240,8.942553520202637
4100,9.8,True,33,399,384,432,8.11257266998291
4100,9.8,True,33,527,512,560,23.37367033958435
4100,9.8,True,33,527,512,560,13.78232192993164
4100,9.11,False,33,207,192,240,8.951712369918823
4100,9.8,True,33,271,256,304,6.910423994064331
4100,9.8,True,33,399,384,432,7.143254041671753
4100,9.11,False,33,399,384,432,8.423023462295532
4100,9.11,False,33,207,192,240,8.857356071472168
4100,9.8,True,33,911,896,944,12.745213031768799
4100,9.8,True,33,399,384,432,12.403088808059692
4200,9.8,True,33,399,384,432,12.494415044784546
4200,9.8,True,33,847,832,880,12.620794773101807
4200,9.8,True,33,335,320,368,7.087717294692993
4200,9.8,True,33,527,512,560,8.949888229370117
4200,9.11,False,33,463,448,496,8.658493280410767
4200,9.8,True,33,335,320,368,7.465567111968994
4200,9.8,True,33,527,512,560,8.836470603942871
4200,9.8,True,33,335,320,368,7.044710636138916
4200,9.8,True,33,1103,1088,1136,21.343047857284546
4200,9.8,True,33,399,384,432,7.361255168914795
4300,9.8,True,33,399,384,432,11.69209885597229
4300,9.8,True,33,911,896,944,13.192198753356934
4300,9.8,True,33,1359,1344,1392,15.106555700302124
4300,9.8,True,33,143,128,176,11.022752523422241
4300,9.8,True,33,527,512,560,23.719229459762573
4300,9.11,False,33,271,256,304,6.957444190979004
4300,9.11,False,33,463,448,496,20.513461589813232
4300,9.8,True,33,463,448,496,8.839794397354126
4300,9.8,True,33,911,896,944,12.538482427597046
4300,9.11,False,33,271,256,304,6.8137359619140625
4400,9.8,True,33,719,704,752,16.965410709381104
4400,9.8,True,33,783,768,816,10.617459535598755
4400,9.8,True,33,399,384,432,8.078217506408691
4400,9.11,False,33,271,256,304,6.905644416809082
4400,9.8,True,33,1039,1024,1072,20.81063199043274
4400,9.11,False,33,207,192,240,6.056689739227295
4400,9.8,True,33,847,832,880,14.643712282180786
4400,9.8,True,33,655,640,688,10.525876760482788
4400,9.8,True,33,207,192,240,8.632853269577026
4400,9.8,True,33,271,256,304,6.594280958175659
4500,9.8,True,33,207,192,240,5.891477584838867
4500,9.11,False,33,335,320,368,8.724766969680786
4500,9.8,True,33,463,448,496,8.590425491333008
4500,9.11,False,33,463,448,496,13.341166257858276
4500,9.8,True,33,591,576,624,14.779594659805298
4500,9.11,False,33,207,192,240,5.628999471664429
4500,9.8,True,33,783,768,816,17.60132360458374
4500,9.8,True,33,463,448,496,13.128252744674683
4500,9.8,True,33,527,512,560,9.84995436668396
4500,9.8,True,33,207,192,240,8.886224269866943
4600,9.11,False,33,207,192,240,11.3722665309906
4600,9.8,True,33,1103,1088,1136,20.080784559249878
4600,9.8,True,33,719,704,752,16.858643054962158
4600,9.8,True,33,527,512,560,10.682835817337036
4600,9.11,False,33,591,576,624,10.745608806610107
4600,9.8,True,33,335,320,368,7.5505335330963135
4600,9.8,True,33,591,576,624,9.629034757614136
4600,9.8,True,33,527,512,560,8.343180894851685
4600,9.8,True,33,335,320,368,8.234965801239014
4600,9.8,True,33,399,384,432,12.180076360702515
4700,9.11,False,33,15,0,48,5.105939626693726
4700,9.11,False,33,143,128,176,8.185724973678589
4700,9.8,True,33,271,256,304,6.316002130508423
4700,9.8,True,33,399,384,432,12.523502349853516
4700,9.8,True,33,975,960,1008,15.913251876831055
4700,9.8,True,33,783,768,816,11.147619009017944
4700,9.11,False,33,335,320,368,7.094385147094727
4700,9.8,True,33,399,384,432,12.406307458877563
4700,9.8,True,33,271,256,304,6.464194297790527
4700,9.8,True,33,527,512,560,13.394836902618408
4800,9.8,True,33,399,384,432,8.10779881477356
4800,9.8,True,33,463,448,496,10.157630920410156
4800,9.8,True,33,975,960,1008,13.911383867263794
4800,9.8,True,33,271,256,304,6.833998203277588
4800,9.11,False,33,207,192,240,9.042952537536621
4800,9.8,True,33,1103,1088,1136,14.956235885620117
4800,9.11,False,33,655,640,688,10.111691236495972
4800,9.8,True,33,463,448,496,12.623559713363647
4800,9.8,True,33,399,384,432,8.399830341339111
4800,9.8,True,33,1231,1216,1264,14.615790128707886
4900,9.8,True,33,271,256,304,8.865011215209961
4900,9.11,False,33,335,320,368,9.339696168899536
4900,9.8,True,33,591,576,624,8.623516082763672
4900,9.8,True,33,591,576,624,10.178145170211792
4900,9.11,False,33,207,192,240,6.266339063644409
4900,9.8,True,33,719,704,752,11.630691289901733
4900,9.8,True,33,527,512,560,8.677549362182617
4900,"To determine which number is larger between 9.11 and 9.8, we can compare their decimal values:

- 9.11 is equivalent to 9.11
- 9.8 is equivalent to 9.80 (adding a zero to the hundredths place for easier comparison)

Now, compare the numbers:

- 9.11
- 9.80

Since 9.80 is greater than 9.11, the larger number is:

**9.8**",False,33,562,448,595,8.61728048324585
4900,9.8,True,33,527,512,560,8.131582975387573
4900,9.8,True,33,207,192,240,8.310885190963745
5000,9.11,False,33,271,256,304,6.377375364303589
5000,9.8,True,33,463,448,496,7.51249361038208
5000,9.8,True,33,1551,1536,1584,18.115410327911377
5000,9.8,True,33,207,192,240,8.5531644821167
5000,9.8,True,33,655,640,688,16.547914028167725
5000,9.8,True,33,463,448,496,7.2666175365448
5000,9.8,True,33,591,576,624,14.230043411254883
5000,9.8,True,33,527,512,560,14.260313987731934
5000,9.8,True,33,719,704,752,12.969935417175293
5000,9.8,True,33,143,128,176,7.920629262924194
